tweet_id,favorites,retweet_count
892420643555336193,33722,6978
892177421306343426,29250,5279
891815181378084864,21985,3465
891689557279858688,36817,7198
891327558926688256,35202,7722
891087950875897856,17755,2589
890971913173991426,10335,1648
890729181411237888,56694,15694
890609185150312448,24449,3605
890240255349198849,27869,6080
890006608113172480,26968,6119
889880896479866881,24505,4144
889665388333682689,41903,8311
889638837579907072,23599,3702
889531135344209921,13320,1874
889278841981685760,22050,4426
888917238123831296,25548,3746
888804989199671297,22406,3517
888554962724278272,17266,2867
888078434458587136,19110,2886
887705289381826560,26549,4522
887517139158093824,40606,9820
887473957103951883,60020,14971
887343217045368832,29513,8788
887101392804085760,26912,4974
886983233522544640,30274,6294
886736880519319552,10464,2618
886680336477933568,19674,3723
886366144734445568,18500,2614
886267009285017600,105,4
886258384151887873,24457,5262
886054160059072513,0,93
885984800019947520,28519,5592
885528943205470208,31518,5310
885518971528720385,17959,3100
885311592912609280,0,15381
885167619883638784,19203,3654
884925521741709313,67076,14958
884876753390489601,24319,4646
884562892145688576,21261,3897
884441805382717440,23803,4778
884247878851493888,63068,16847
884162670584377345,17905,2492
883838122936631299,19105,2849
883482846933004288,40081,8230
883360690899218434,19896,3061
883117836046086144,32414,5513
882992080364220416,20930,3230
882762694511734784,24719,4080
882627270321602560,24545,5045
882268110199369728,39075,9589
882045870035918850,25649,4069
881906580714921986,21391,2842
881666595344535552,44428,8921
881633300179243008,113,8
881536004380872706,43326,13357
881268444196462592,20440,4485
880935762899988482,15011,2329
880872448815771648,18670,3192
880465832366813184,24954,5198
880221127280381952,23591,3452
880095782870896641,24253,3637
879862464715927552,19658,2915
879674319642796034,282,9
879492040517615616,20660,2621
879415818425184262,92586,37302
879376492567855104,14815,2635
879130579576475649,0,5714
879050749262655488,19763,3939
879008229531029506,16742,2233
878776093423087618,17094,3422
878604707211726852,26374,5904
878404777348136964,0,1072
878316110768087041,0,5504
878281511006478336,6763,1072
878057613040115712,37042,5714
877736472329191424,69091,15741
877611172832227328,0,70
877556246731214848,19846,3156
877316821321428993,24078,4327
877201837425926144,23806,4609
876838120628539392,18175,2795
876537666061221889,21003,3963
876484053909872640,16520,1992
876120275196170240,24628,3890
875747767867523072,22047,3570
875144289856114688,19378,4135
875097192612077568,24188,5098
875021211251597312,22496,3955
874680097055178752,24544,3907
874434818259525634,0,12168
874296783580663808,22903,3471
874057562936811520,20060,3369
874012996292530176,30046,8559
873580283840344065,21333,3333
873337748698140672,0,1327
873213775632977920,6305,1327
872967104147763200,24005,4545
872820683541237760,13045,3158
872620804844003328,18287,3057
872486979161796608,36022,7692
872122724285648897,30139,6809
871879754684805121,32992,9214
871762521631449091,17836,2959
871515927908634625,17858,2928
871166179821445120,0,4880
871102520638267392,18498,4660
871032628920680449,20109,3215
870804317367881728,29724,5268
870726314365509632,105,3
870656317836468226,10865,2191
870374049280663552,73782,22677
870308999962521604,19437,3538
870063196459192321,32334,7052
869772420881756160,37920,8663
869702957897576449,24984,5368
869596645499047938,14152,2630
869227993411051520,18093,3191
868880397819494401,57797,12209
868639477480148993,0,1744
868622495443632128,23592,4448
868552278524837888,8943,1744
867900495410671616,21547,3555
867774946302451713,30160,6230
867421006826221569,14309,2109
867072653475098625,0,100
867051520902168576,28635,6756
866720684873056260,17820,4121
866686824827068416,17082,2955
866450705531457537,108574,30086
866334964761202691,46464,12168
866094527597207552,0,7140
865718153858494464,22855,4820
865359393868664832,23543,4272
865006731092295680,24985,6640
864873206498414592,28780,7479
864279568663928832,13042,2573
864197398364647424,26579,7560
863907417377173506,18395,3580
863553081350529029,13643,3617
863471782782697472,0,2087
863432100342583297,21246,4544
863427515083354112,1956,80
863079547188785154,7880,950
863062471531167744,7507,2087
862831371563274240,17189,4448
862722525377298433,15305,3079
862457590147678208,18227,4232
862096992088072192,66108,19924
861383897657036800,32208,9238
861288531465048066,15316,3578
861005113778896900,14959,3321
860981674716409858,0,1850
860924035999428608,0,676
860563773140209665,6708,1850
860524505164394496,21206,4589
860276583193509888,16542,3057
860184849394610176,14975,5109
860177593139703809,0,26640
859924526012018688,17595,3573
859851578198683649,13953,3061
859607811541651456,16803,1361
859196978902773760,80349,26189
859074603037188101,30355,11929
858860390427611136,0,7058
858843525470990336,14096,3019
858471635011153920,19434,4244
858107933456039936,14202,2534
857989990357356544,14465,2261
857746408056729600,30737,9321
857393404942143489,5295,1438
857263160327368704,18208,3963
857214891891077121,203,16
857062103051644929,0,146
857029823797047296,17011,3475
856543823941562368,14803,2538
856526610513747968,10798,1651
856288084350160898,488,15
856282028240666624,25180,5565
855862651834028034,303,21
855860136149123072,4399,850
855857698524602368,10837,1854
855851453814013952,41835,16089
855818117272018944,24233,4802
855459453768019968,27036,7289
855245323840757760,0,5253
855138241867124737,0,36
854732716440526848,20642,5337
854482394044301312,26524,6005
854365224396361728,17164,4135
854120357044912130,29168,6575
854010172552949760,14816,2786
853760880890318849,26023,5107
853639147608842240,31487,8852
853299958564483072,14139,3165
852936405516943360,0,1783
852912242202992640,8236,1595
852672615818899456,13620,1906
852553447878664193,14872,3104
852311364735569921,30291,8855
852226086759018497,18317,6076
852189679701164033,10559,1416
851591660324737024,14931,3123
851464819735769094,22225,6296
851224888060895234,19002,5163
850753642995093505,28092,8059
850380195714523136,12060,2326
850333567704068097,3188,301
850145622816686080,15023,3387
850019790995546112,18753,4357
849776966551130114,27877,6801
849668094696017920,0,4436
849412302885593088,14658,2823
849336543269576704,10545,1685
849051919805034497,38948,7604
848690551926992896,23240,3914
848324959059550208,22794,4143
848213670039564288,7534,644
848212111729840128,15015,2712
847978865427394560,0,2916
847971574464610304,0,394
847962785489326080,21703,4564
847842811428974592,5006,1186
847617282490613760,6462,376
847606175596138505,17331,3078
847251039262605312,18933,3909
847157206088847362,18348,5246
847116187444137987,19848,2871
846874817362120707,18587,3543
846514051647705089,41113,10356
846505985330044928,13048,2756
846153765933735936,29059,8153
846139713627017216,28759,9149
846042936437604353,14787,2582
845812042753855489,26979,7846
845677943972139009,23398,4374
845397057150107648,7079,1619
845306882940190720,21585,4847
845098359547420673,0,6929
844979544864018432,12656,2306
844973813909606400,13910,2845
844580511645339650,15274,2808
844223788422217728,12680,1987
843981021012017153,14092,2698
843856843873095681,19935,4165
843604394117681152,15665,2475
843235543001513987,19936,5389
842846295480000512,14198,3312
842765311967449089,6286,1175
842535590457499648,16892,3171
842163532590374912,22698,5253
842115215311396866,13010,2755
841833993020538882,0,13540
841680585030541313,24015,7146
841439858740625411,11711,3312
841320156043304961,18395,5013
841314665196081154,14728,4228
841077006473256960,21307,4880
840761248237133825,0,1620
840728873075638272,0,14569
840698636975636481,163,2
840696689258311684,11464,889
840632337062862849,8416,1620
840370681858686976,15324,4173
840268004936019968,17867,5204
839990271299457024,12520,2065
839549326359670784,25540,7058
839290600511926273,0,132
839239871831150596,25205,5926
838952994649550848,18344,3659
838921590096166913,10413,1853
838916489579200512,0,31
838831947270979586,0,10005
838561493054533637,10236,1230
838476387338051585,20939,4336
838201503651401729,0,9164
838150277551247360,1568,303
838085839343206401,134,1
838083903487373313,16442,2835
837820167694528512,31799,7140
837482249356513284,3602,405
837471256429613056,11968,2060
837110210464448512,15054,2176
836989968035819520,11935,2109
836753516572119041,18097,4259
836677758902222849,11831,2021
836648853927522308,0,507
836397794269200385,0,25037
836380477523124226,13893,2744
836260088725786625,19932,3976
836001077879255040,17872,3883
835685285446955009,0,7406
835574547218894849,16624,3293
835536468978302976,0,1540
835309094223372289,0,19126
835297930240217089,15415,2734
835264098648616962,7224,1540
835246439529840640,1988,63
835172783151792128,24541,5288
835152434251116546,20921,2755
834931633769889797,10087,1490
834786237630337024,20190,5105
834574053763584002,12798,2307
834477809192075265,0,9750
834458053273591808,9022,1545
834209720923721728,19214,4318
834167344700198914,14812,3359
834089966724603904,9435,1962
834086379323871233,12222,2039
833863086058651648,12600,2208
833826103416520705,17059,3483
833732339549220864,0,204
833722901757046785,19649,2994
833479644947025920,13982,1888
833124694597443584,18971,4436
832998151111966721,12408,2008
832769181346996225,0,38
832757312314028032,15824,3314
832682457690300417,11126,2664
832645525019123713,2734,484
832636094638288896,14870,2555
832397543355072512,11220,2036
832369877331693569,16050,2916
832273440279240704,10640,2140
832215909146226688,0,5712
832215726631055365,0,8574
832088576586297345,59,2
832040443403784192,0,8808
832032802820481025,16747,4296
831939777352105988,22452,5647
831926988323639298,319,34
831911600680497154,25800,5959
831670449226514432,9778,1686
831650051525054464,6672,1783
831552930092285952,8440,2157
831322785565769729,8741,1440
831315979191906304,6165,1035
831309418084069378,11073,2258
831262627380748289,11137,1885
830956169170665475,7500,1373
830583320585068544,62300,15381
830173239259324417,0,5228
830097400375152640,9141,2689
829878982036299777,0,4592
829861396166877184,11501,1790
829501995190984704,29832,9750
829449946868879360,9851,1858
829141528400556032,22873,6753
829011960981237760,50179,15066
828801551087042563,0,3151
828770345708580865,24033,5385
828708714936930305,34186,10299
828650029636317184,8933,1233
828409743546925057,6032,1078
828408677031882754,7238,1183
828381636999917570,11847,2055
828376505180889089,6973,991
828372645993398273,11845,2722
828361771580813312,2065,165
828046555563323392,11028,2649
828011680017821696,9751,1981
827933404142436356,18799,4815
827653905312006145,14558,2787
827600520311402496,7049,864
827324948884643840,14920,2801
827199976799354881,9977,2057
826958653328592898,20275,4592
826848821049180160,33981,9309
826615380357632002,0,3673
826598799820865537,4850,229
826598365270007810,9427,2174
826476773533745153,17335,3887
826240494070030336,12506,2412
826204788643753985,4586,855
826115272272650244,14713,2860
825876512159186944,9909,1735
825829644528148480,11994,2325
825535076884762624,53844,16313
825147591692263424,17218,4170
825120256414846976,0,1165
825026590719483904,5892,1165
824796380199809024,0,5080
824775126675836928,14027,3261
824663926340194305,9926,1639
824325613288833024,11148,9859
824297048279236611,14192,3558
824025158776213504,4569,556
823939628516474880,10039,2524
823719002937630720,0,10320
823699002998870016,13176,2331
823581115634085888,12232,2434
823333489516937216,662,22
823322678127919110,14787,3710
823269594223824897,0,9192
822975315408461824,16334,3194
822872901745569793,123758,39805
822859134160621569,12422,2107
822647212903690241,0,5939
822610361945911296,13934,2723
822489057087389700,17066,5939
822462944365645825,26230,13091
822244816520155136,33026,9192
822163064745328640,0,4358
821886076407029760,10656,2132
821813639212650496,0,3115
821765923262631936,7890,1555
821522889702862852,7554,1627
821421320206483457,0,5116
821407182352777218,11078,3981
821153421864615936,236,9
821149554670182400,8089,1821
821107785811234820,9040,1968
821044531881721856,11921,2117
820837357901512704,0,6219
820749716845686786,29750,9164
820690176645140481,11559,2992
820494788566847489,0,521
820446719150292993,0,2383
820314633777061888,3151,521
820078625395449857,18591,5768
820013781606658049,0,1080
819952236453363712,5011,1080
819924195358416896,12201,4531
819711362133872643,12590,2863
819588359383371776,9136,1865
819347104292290561,6820,1115
819238181065359361,2134,379
819227688460238848,21742,6219
819015337530290176,0,34452
819015331746349057,0,17740
819006400881917954,42912,17740
819004803107983360,82445,34452
818646164899774465,0,19379
818627210458333184,21168,7043
818614493328580609,9276,2346
818588835076603904,0,5670
818536468981415936,10241,2264
818307523543449600,0,7433
818259473185828864,10389,2074
818145370475810820,11591,2361
817908911860748288,4598,739
817827839487737858,48473,25037
817777686764523521,10202,2514
817536400337801217,11085,2721
817502432452313088,0,3133
817423860136083457,31753,13540
817415592588222464,5284,885
817181837579653120,0,7837
817171292965273600,8286,1860
817120970343411712,11512,2406
817056546584727552,8114,1510
816829038950027264,0,4373
816816676327063552,9454,1886
816697700272001025,9216,2048
816450570814898180,28600,7433
816336735214911488,8149,1795
816091915477250048,8466,1980
816062466425819140,0,944
816014286006976512,0,4864
815990720817401858,4680,944
815966073409433600,21076,7837
815745968457060357,0,3845
815736392542261248,9278,2109
815639385530101762,7802,1548
815390420867969024,9806,3555
814986499976527872,7245,1183
814638523311648768,10668,2517
814578408554463233,0,5440
814530161257443328,8201,1734
814153002265309185,27181,8083
813944609378369540,0,2946
813910438903693312,8835,1726
813812741911748608,34537,12997
813800681631023104,7868,1640
813217897535406080,17636,6830
813202720496779264,8750,1700
813187593374461952,18771,4034
813172488309972993,8779,1803
813157409116065792,7362,2060
813142292504645637,8069,2237
813130366689148928,4255,418
813127251579564032,11180,2913
813112105746448384,9776,2554
813096984823349248,10013,3372
813081950185472002,9407,2586
813066809284972545,7530,1821
813051746834595840,19890,6819
812781120811126785,7134,1784
812709060537683968,6280,1349
812503143955202048,5730,1148
812466873996607488,7558,1796
812372279581671427,12903,3414
811985624773361665,6897,1307
811744202451197953,7143,1469
811647686436880384,5306,680
811627233043480576,12046,2840
811386762094317568,19807,5962
810984652412424192,5044,1328
810896069567610880,8514,1639
810657578271330305,10409,2460
810284430598270976,33228,10471
810254108431155201,13938,3151
809920764300447744,14753,3673
809808892968534016,0,4557
809448704142938112,6594,1363
809220051211603969,18828,5228
809084759137812480,12530,3286
808838249661788160,9620,2857
808733504066486276,7476,2029
808501579447930884,10733,2452
808344865868283904,40082,19379
808134635716833280,0,5492
808106460588765185,8364,2062
808001312164028416,11819,3296
807621403335917568,13809,3375
807106840509214720,111313,51480
807059379405148160,0,6864
807010152071229440,12436,3620
806629075125202948,70391,32253
806620845233815552,0,5125
806576416489959424,4651,1818
806542213899489280,9711,2212
806242860592926720,0,10841
806219024703037440,6121,1131
805958939288408065,0,4996
805932879469572096,7863,1796
805826884734976000,6222,1710
805823200554876929,0,7442
805520635690676224,5472,1547
805487436403003392,8324,2370
805207613751304193,7463,1623
804738756058218496,12944,3592
804475857670639616,5825,1885
804413760345620481,0,3000
804026241225523202,41937,14988
803773340896923648,9527,2580
803692223237865472,0,6902
803638050916102144,10351,3873
803380650405482500,7371,1765
803321560782307329,0,4938
803276597545603072,9520,2292
802952499103731712,8559,1867
802624713319034886,0,2716
802600418706604034,6749,1377
802572683846291456,8496,2349
802323869084381190,15302,5457
802265048156610565,6607,1288
802239329049477120,8629,2451
802185808107208704,0,250
801958328846974976,7352,1592
801854953262350336,1722,218
801538201127157760,7796,1949
801285448605831168,5725,770
801167903437357056,23118,5492
801127390143516673,0,3691
801115127852503040,7663,1982
800859414831898624,644,90
800855607700029440,0,1512
800751577355128832,10070,2618
800513324630806528,12466,2817
800459316964663297,9027,2056
800443802682937345,0,4012
800388270626521089,10581,2630
800188575492947969,0,3681
800141422401830912,14483,2383
800018252395122689,26832,12265
799774291445383169,0,4355
799757965289017345,7941,2000
799422933579902976,7675,1794
799308762079035393,0,5060
799297110730567681,9367,2552
799063482566066176,7679,2336
798933969379225600,12392,4145
798925684722855936,7149,1355
798705661114773508,0,6192
798701998996647937,0,7214
798697898615730177,0,6074
798694562394996736,0,4629
798686750113755136,0,2173
798682547630837760,0,4419
798673117451325440,0,5206
798665375516884993,0,3667
798644042770751489,0,1738
798628517273620480,0,1856
798585098161549313,0,5254
798576900688019456,0,5460
798340744599797760,0,3131
798209839306514432,9900,2418
797971864723324932,10928,2881
797545162159308800,13842,4604
797236660651966464,18875,6138
797165961484890113,212,24
796904159865868288,0,8333
796865951799083009,7290,1825
796759840936919040,11179,2822
796563435802726400,0,6711
796484825502875648,7168,1647
796387464403357696,10437,3880
796177847564038144,0,13326
796149749086875649,30434,13326
796125600683540480,4725,1680
796116448414461957,8615,2244
796080075804475393,8003,2158
796031486298386433,10243,3494
795464331001561088,46650,21895
795400264262053889,9479,2677
795076730285391872,15310,5080
794983741416415232,0,3149
794926597468000259,9654,2153
794355576146903043,0,9633
794332329137291264,9109,2532
794205286408003585,8753,3105
793962221541933056,15876,4557
793845145112371200,8747,1740
793614319594401792,0,2918
793601777308463104,7561,1511
793500921481273345,10094,2226
793286476301799424,23297,8574
793271401113350145,8235,2239
793256262322548741,18886,7775
793241302385262592,9962,3064
793226087023144960,9265,2707
793210959003287553,8458,2600
793195938047070209,14411,5258
793180763617361921,6545,1858
793165685325201412,8879,2620
793150605191548928,5834,1592
793135492858580992,6061,2348
793120401413079041,11990,3671
792913359805018113,13550,3702
792883833364439040,10685,3991
792773781206999040,6983,1569
792394556390137856,12688,4006
792050063153438720,6756,1667
791821351946420224,0,19638
791784077045166082,0,8855
791780927877898241,0,3545
791774931465953280,42646,20694
791672322847637504,11118,2918
791406955684368384,12465,3845
791312159183634433,8304,2359
791026214425268224,0,3794
790987426131050500,9284,1981
790946055508652032,15833,4373
790723298204217344,0,2140
790698755171364864,7786,1798
790581949425475584,19503,6624
790337589677002753,7409,1763
790277117346975746,11873,2946
790227638568808452,0,3294
789986466051088384,8787,2140
789960241177853952,0,3810
789903600034189313,9762,3872
789628658055020548,7061,1639
789599242079838210,6363,1787
789530877013393408,11060,3149
789314372632018944,8181,2130
789280767834746880,0,4576
789268448748703744,8631,2436
789137962068021249,9204,2600
788908386943430656,26010,11676
788765914992902144,25839,9633
788552643979468800,0,6632
788412144018661376,14684,4908
788178268662984705,6877,1967
788150585577050112,5781,1196
788070120937619456,0,3202
788039637453406209,5779,1221
787810552592695296,8131,2832
787717603741622272,9692,2579
787397959788929025,10310,2658
787322443945877504,7373,1621
787111942498508800,0,6282
786963064373534720,25222,7406
786729988674449408,0,2270
786709082849828864,17329,5712
786664955043049472,10029,2359
786595970293370880,8956,2904
786363235746385920,10255,3206
786286427768250368,7547,2636
786233965241827333,14369,4358
786051337297522688,1352,145
786036967502913536,0,6481
785927819176054784,10778,2974
785872687017132033,6323,1667
785639753186217984,7438,2100
785533386513321988,8561,1832
785515384317313025,5774,1157
785264754247995392,6890,1513
785170936622350336,11333,4483
784826020293709826,9558,3000
784517518371221505,8474,2357
784431430411685888,5435,1181
784183165795655680,18904,7442
784057939640352768,28021,10320
783839966405230592,28317,10005
783821107061198850,6955,1822
783695101801398276,9838,2981
783466772167098368,7947,2073
783391753726550016,15958,5073
783347506784731136,0,5130
783334639985389568,27404,10841
783085703974514689,7712,2017
782969140009107456,22766,6864
782747134529531904,7054,1316
782722598790725632,16251,4996
782598640137187329,7366,1763
782305867769217024,15676,5116
782021823840026624,0,5713
781955203444699136,10540,3126
781661882474196992,9847,2511
781655249211752448,3768,1047
781524693396357120,19542,5125
781308096455073793,6727,2377
781251288990355457,7902,1922
781163403222056960,9246,2573
780931614150983680,20450,6711
780858289093574656,6782,1856
780800785462489090,5177,1198
780601303617732608,11405,3115
780543529827336192,5930,1623
780496263422808064,0,3411
780476555013349377,0,103
780459368902959104,4981,1000
780192070812196864,8188,2076
780092040432480260,0,2121
780074436359819264,11395,4556
779834332596887552,17710,6481
779377524342161408,8232,2873
779124354206535695,0,16949
779056095788752897,13849,4195
778990705243029504,18702,6632
778774459159379968,0,9118
778764940568104960,819,337
778748913645780993,6445,1203
778650543019483137,5408,1385
778624900596654080,4329,940
778408200802557953,12837,3994
778396591732486144,0,11295
778383385161035776,5491,1018
778286810187399168,9719,3054
778039087836069888,7967,2454
778027034220126208,6182,1490
777953400541634568,0,3256
777885040357281792,5984,1511
777684233540206592,10590,2716
777641927919427584,0,3905
777621514455814149,8203,2332
777189768882946048,13279,3973
776819012571455488,0,12547
776813020089548800,4596,1111
776477788987613185,8222,2549
776249906839351296,0,8417
776218204058357768,28024,14654
776201521193218049,9006,2330
776113305656188928,11076,4012
776088319444877312,1709,141
775898661951791106,0,15467
775842724423557120,11004,2454
775733305207554048,13034,3691
775729183532220416,12240,4263
775364825476165632,6929,2708
775350846108426240,9552,3615
775085132600442880,14593,4355
774757898236878852,8117,1650
774639387460112384,6351,1610
774314403806253056,20480,5060
773985732834758656,10134,3576
773922284943896577,6048,1619
773704687002451968,6221,1494
773670353721753600,5044,1220
773547596996571136,20777,5670
773336787167145985,0,4656
773308824254029826,21923,6929
773247561583001600,8858,2994
773191612633579521,9359,3792
772877495989305348,8030,3569
772826264096874500,7554,2202
772615324260794368,0,3108
772581559778025472,6088,1579
772193107915964416,5658,1285
772152991789019136,3580,1048
772117678702071809,3539,686
772114945936949249,2575,440
772102971039580160,3762,862
771908950375665664,6164,1749
771770456517009408,11253,3131
771500966810099713,7752,2414
771380798096281600,9887,4656
771171053431250945,0,6869
771136648247640064,8585,2702
771102124360998913,5847,1325
771014301343748096,6467,1534
770787852854652928,4607,1100
770772759874076672,4876,1320
770655142660169732,6909,1663
770414278348247044,5928,1921
770293558247038976,5838,1352
770093767776997377,0,2803
770069151037685760,7125,2119
769940425801170949,29225,8808
769695466921623552,6029,1559
769335591808995329,0,7107
769212283578875904,5073,1593
768970937022709760,13367,5979
768909767477751808,0,2430
768855141948723200,3920,821
768609597686943744,3847,1095
768596291618299904,4727,1184
768554158521745409,0,5368
768473857036525572,12746,3152
768193404517830656,10164,3256
767884188863397888,4458,1264
767754930266464257,14945,4938
767500508068192258,7032,2142
767191397493538821,11504,3457
767122157629476866,9525,2630
766793450729734144,4733,1250
766714921925144576,2459,345
766693177336135680,3785,727
766423258543644672,5618,1450
766313316352462849,6328,1728
766078092750233600,0,2410
766069199026450432,3931,770
766008592277377025,3526,456
765719909049503744,6789,1986
765669560888528897,4845,1128
765395769549590528,25061,3099
765371061932261376,6665,1999
765222098633691136,10896,3108
764857477905154048,6063,1642
764259802650378240,5621,1384
763956972077010945,731,49
763837565564780549,11727,3794
763183847194451968,5050,1352
763167063695355904,0,2743
763103485927849985,6909,2110
762699858130116608,11337,3294
762471784394268675,10490,5888
762464539388485633,9619,3810
762316489655476224,4494,1027
762035686371364864,29742,14247
761976711479193600,5030,1818
761750502866649088,0,3577
761745352076779520,4008,792
761672994376806400,46175,26640
761599872357261312,3876,1095
761371037149827077,0,16596
761334018830917632,4814,1333
761292947749015552,4176,998
761227390836215808,4988,1437
761004547850530816,10629,3202
760893934457552897,3564,886
760656994973933572,6163,1745
760641137271070720,4663,1185
760539183865880579,7058,3326
760521673607086080,3915,1278
760290219849637889,25017,10536
760252756032651264,3699,795
760190180481531904,5339,1645
760153949710192640,0,28
759943073749200896,5516,1926
759846353224826880,6273,1795
759793422261743616,5566,1757
759557299618865152,4389,1101
759447681597108224,7929,2270
759446261539934208,1562,453
759197388317847553,5688,1798
759159934323924993,0,1065
759099523532779520,13588,3809
759047813560868866,6059,1844
758854675097526272,3317,839
758828659922702336,10450,3542
758740312047005698,5367,1496
758474966123810816,3549,912
758467244762497024,4467,2026
758405701903519748,4863,1757
758355060040593408,3146,957
758099635764359168,17667,9118
758041019896193024,2522,338
757741869644341248,6395,3017
757729163776290825,0,7186
757725642876129280,4247,1108
757611664640446465,4285,1004
757597904299253760,0,277
757596066325864448,4062,954
757400162377592832,14111,6299
757393109802180609,5434,1574
757354760399941633,4202,1298
756998049151549440,5858,1830
756939218950160384,6197,1831
756651752796094464,4689,1190
756526248105566208,9682,3286
756303284449767430,3683,1002
756288534030475264,41103,16261
756275833623502848,5965,1402
755955933503782912,6812,2619
755206590534418437,15272,4892
755110668769038337,19686,10156
754874841593970688,0,7218
754856583969079297,6431,2307
754747087846248448,2410,476
754482103782404096,4923,1786
754449512966619136,3500,671
754120377874386944,7370,2158
753655901052166144,5438,1989
753420520834629632,7321,3230
753398408988139520,5342,1725
753375668877008896,7119,2121
753298634498793472,0,5193
753294487569522689,3123,955
753039830821511168,34527,19126
753026973505581056,3643,874
752932432744185856,11731,6282
752917284578922496,6497,1438
752701944171524096,0,2610
752682090207055872,5590,1456
752660715232722944,4070,1419
752568224206688256,5107,2078
752519690950500352,6838,3148
752334515931054080,3589,1006
752309394570878976,0,14867
752173152931807232,5535,1668
751950017322246144,2845,830
751937170840121344,4821,1195
751830394383790080,5427,1784
751793661361422336,5384,2609
751598357617971201,7393,2824
751583847268179968,4099,1001
751538714308972544,4706,1144
751456908746354688,2998,920
751251247299190784,11713,5374
751205363882532864,5892,1662
751132876104687617,4719,1180
750868782890057730,4448,1242
750719632563142656,12230,4576
750506206503038976,4128,1046
750429297815552001,12284,3905
750383411068534784,4253,1038
750381685133418496,669,26
750147208377409536,2902,873
750132105863102464,3359,1176
750117059602808832,4043,1204
750101899009982464,2839,774
750086836815486976,2022,490
750071704093859840,7235,3023
750056684286914561,2950,817
750041628174217216,2957,565
750026558547456000,2524,717
750011400160841729,3001,819
749996283729883136,2824,754
749981277374128128,4771,2272
749774190421639168,4349,1205
749417653287129088,5667,1508
749403093750648834,2434,489
749395845976588288,7947,3143
749317047558017024,5086,2040
749075273010798592,5358,1879
749064354620928000,4491,1403
749036806121881602,2877,728
748977405889503236,10004,3124
748932637671223296,5399,2052
748705597323898880,2582,875
748699167502000129,4402,1453
748692773788876800,3943,1224
748575535303884801,5626,1803
748568946752774144,2043,606
748346686624440324,4843,1119
748337862848962560,7046,3724
748324050481647620,3447,689
748307329658011649,3437,652
748220828303695873,13110,7087
747963614829678593,5370,1950
747933425676525569,6160,2346
747885874273214464,2712,878
747844099428986880,2621,673
747816857231626240,4490,1053
747651430853525504,1271,143
747648653817413632,11943,5307
747600769478692864,2165,520
747594051852075008,3416,946
747512671126323200,5115,1470
747461612269887489,3581,938
747439450712596480,5029,1749
747242308580548608,0,2620
747219827526344708,4880,1433
747204161125646336,3117,828
747103485104099331,8868,3613
746906459439529985,2712,269
746872823977771008,5558,1935
746818907684614144,4941,1591
746790600704425984,4511,1456
746757706116112384,8821,3545
746726898085036033,5622,1634
746542875601690625,4680,1742
746521445350707200,0,898
746507379341139972,4338,989
746369468511756288,5751,1482
746131877086527488,6377,1992
746056683365994496,3317,738
745789745784041472,3663,963
745712589599014916,6490,2121
745433870967832576,6529,2302
745422732645535745,7936,2190
745314880350101504,6596,2474
745074613265149952,7252,3177
745057283344719872,6738,2049
744995568523612160,2737,566
744971049620602880,7290,2436
744709971296780288,5211,1430
744334592493166593,6325,1924
744234799360020481,144388,70421
744223424764059648,1533,324
743980027717509120,3886,1000
743895849529389061,3398,875
743835915802583040,0,1862
743609206067040256,4152,1268
743595368194129920,16909,5942
743545585370791937,3272,859
743510151680958465,7400,3411
743253157753532416,3925,1117
743222593470234624,5721,1728
743210557239623680,3553,1232
742534281772302336,6542,3270
742528092657332225,4093,1790
742465774154047488,6738,3588
742423170473463808,9073,3411
742385895052087300,6276,1772
742161199639494656,3990,1242
742150209887731712,4704,1394
741793263812808706,4211,1381
741743634094141440,7537,2489
741438259667034112,3410,744
741303864243200000,8112,2911
741099773336379392,9205,5007
741067306818797568,8839,2803
740995100998766593,5813,2461
740711788199743490,3142,859
740699697422163968,2645,706
740676976021798912,16793,6192
740373189193256964,32497,12097
740365076218183684,2244,385
740359016048689152,3045,794
740214038584557568,6173,1780
739979191639244800,18460,5368
739932936087216128,3749,983
739844404073074688,3520,785
739623569819336705,3493,1236
739606147276148736,4978,1490
739544079319588864,36402,19208
739485634323156992,6589,2635
739238157791694849,106901,52686
738891149612572673,89,6
738885046782832640,3496,1042
738883359779196928,3037,720
738537504001953792,4696,1392
738402415918125056,3001,737
738184450748633089,3962,1104
738166403467907072,8057,3030
738156290900254721,2281,584
737826014890496000,4824,1601
737800304142471168,9248,3162
737678689543020544,4620,1193
737445876994609152,9426,4043
737322739594330112,3315,730
737310737551491075,13494,6736
736736130620620800,3868,1538
736392552031657984,16306,6632
736365877722001409,3657,1111
736225175608430592,7477,2537
736010884653420544,7237,2694
735991953473572864,3294,1033
735648611367784448,3722,1007
735635087207878657,5651,2138
735274964362878976,12016,4535
735256018284875776,3056,801
735137028879360001,2873,878
734912297295085568,2542,471
734787690684657664,11542,5746
734776360183431168,2315,487
734559631394082816,1374,353
733828123016450049,3299,714
733822306246479872,3383,923
733482008106668032,2876,852
733460102733135873,3868,1135
733109485275860992,49275,15467
732732193018155009,2225,481
732726085725589504,3287,794
732585889486888962,3354,712
732375214819057664,7421,2276
732005617171337216,13670,4864
731285275100512256,3217,899
731156023742988288,3542,1140
730924654643314689,5629,1781
730573383004487680,4454,1909
730427201120833536,3198,937
730211855403241472,3483,956
730196704625098752,4436,1701
729854734790754305,3713,1013
729838605770891264,1601,338
729823566028484608,3647,1123
729463711119904772,5310,2086
729113531270991872,1737,287
728986383096946689,2880,736
728760639972315136,4284,1535
728751179681943552,2536,614
728653952833728512,3058,946
728409960103686147,4493,1821
728387165835677696,3421,876
728046963732717569,3929,1082
728035342121635841,4158,1507
728015554473250816,3783,990
727685679342333952,2720,573
727644517743104000,5382,1584
727524757080539137,4103,1080
727314416056803329,3060,670
727286334147182592,2822,744
727175381690781696,3588,1240
727155742655025152,3323,1198
726935089318363137,6292,2200
726887082820554753,3526,1366
726828223124897792,3302,913
726224900189511680,4075,1042
725842289046749185,6516,2410
725786712245440512,3845,1241
725729321944506368,4793,1605
725458796924002305,1300,554
724983749226668032,3437,1166
724771698126512129,2152,567
724405726123311104,4865,1509
724049859469295616,3973,1616
724046343203856385,2452,512
724004602748780546,3828,1389
723912936180330496,3586,1124
723688335806480385,7033,2637
723673163800948736,2785,813
723179728551723008,4859,1687
722974582966214656,3762,1431
722613351520608256,4585,1492
721503162398597120,4222,1644
721001180231503872,2342,551
720785406564900865,2859,698
720775346191278080,2252,564
720415127506415616,3785,1357
720389942216527872,5864,2259
720340705894408192,2617,873
720059472081784833,3552,1017
720043174954147842,4567,1814
719991154352222208,4473,1591
719704490224398336,4171,1293
719551379208073216,4641,1708
719367763014393856,2600,686
719339463458033665,4095,1118
719332531645071360,3178,856
718971898235854848,3202,984
718939241951195136,4800,1581
718631497683582976,17316,7214
718613305783398402,2251,427
718540630683709445,2244,920
718460005985447936,2501,474
718454725339934721,4505,1376
718246886998687744,1760,446
718234618122661888,3562,912
717841801130979328,2269,542
717790033953034240,2632,985
717537687239008257,5307,1657
717428917016076293,1475,406
717421804990701568,2886,756
717047459982213120,5795,1734
717009362452090881,2975,867
716802964044845056,3961,1048
716791146589110272,7744,1457
716730379797970944,1131,396
716447146686459905,11982,5305
716439118184652801,2193,189
716285507865542656,2555,964
716080869887381504,6242,1705
715928423106027520,2928,794
715758151270801409,3413,1284
715733265223708672,4281,1526
715704790270025728,2554,512
715696743237730304,3612,1163
715680795826982913,3965,1442
715360349751484417,5031,1409
715342466308784130,2791,622
715220193576927233,2205,587
715200624753819648,4746,1682
715009755312439296,3813,1104
714982300363173890,3426,931
714962719905021952,6746,3832
714957620017307648,3810,1277
714631576617938945,3014,897
714606013974974464,3339,829
714485234495041536,2450,1007
714258258790387713,2816,667
714251586676113411,3023,758
714214115368108032,2111,797
714141408463036416,4000,1278
713919462244790272,3040,720
713909862279876608,1747,484
713900603437621249,2616,661
713761197720473600,4458,1239
713411074226274305,4092,1184
713177543487135744,6641,2587
713175907180089344,4082,1330
712809025985978368,17532,6074
712717840512598017,11302,4504
712668654853337088,3819,1097
712438159032893441,4902,1416
712309440758808576,222,24
712097430750289920,3452,932
712092745624633345,2710,812
712085617388212225,3015,434
712065007010385924,2074,568
711998809858043904,0,121
711968124745228288,7407,2091
711743778164514816,2616,906
711732680602345472,8071,3690
711694788429553666,30233,16596
711652651650457602,3545,819
711363825979756544,3323,1017
711306686208872448,3047,678
711008018775851008,2743,559
710997087345876993,4214,1260
710844581445812225,2350,610
710833117892898816,2467,476
710658690886586372,2138,512
710609963652087808,4425,2154
710588934686908417,4172,1696
710296729921429505,2199,669
710283270106132480,1996,480
710272297844797440,4146,1139
710269109699739648,2195,1013
710153181850935296,2682,808
710140971284037632,2515,800
710117014656950272,5027,1780
709918798883774466,3221,993
709901256215666688,608,92
709852847387627521,3233,1089
709566166965075968,3253,1072
709556954897764353,3022,974
709519240576036864,1385,219
709449600415961088,2023,517
709409458133323776,2425,617
709225125749587968,2205,521
709207347839836162,11410,5171
709198395643068416,2264,589
709179584944730112,1852,608
709158332880297985,1875,366
709042156699303936,4326,1477
708853462201716736,1667,592
708845821941387268,2738,802
708834316713893888,1550,449
708810915978854401,15217,6244
708738143638450176,2537,739
708711088997666817,2334,638
708479650088034305,2338,617
708469915515297792,2850,729
708400866336894977,14667,9052
708356463048204288,3307,1199
708349470027751425,2186,676
708149363256774660,3987,1412
708130923141795840,3098,784
708119489313951744,2477,896
708109389455101952,1800,501
708026248782585858,4063,1749
707995814724026368,2864,1013
707983188426153984,45,2
707969809498152960,2485,867
707776935007539200,3007,872
707741517457260545,2289,555
707738799544082433,3731,2199
707693576495472641,3124,915
707629649552134146,2353,783
707610948723478529,15579,5713
707420581654872064,2070,632
707411934438625280,2113,543
707387676719185920,3216,1147
707377100785885184,3009,974
707315916783140866,2283,578
707297311098011648,2579,709
707059547140169728,2399,619
707038192327901184,2016,716
707021089608753152,3730,1221
707014260413456384,2115,539
706904523814649856,13418,7107
706901761596989440,1882,522
706681918348251136,3024,890
706644897839910912,2345,982
706593038911545345,1983,581
706538006853918722,3187,1287
706516534877929472,2873,929
706346369204748288,3169,842
706310011488698368,19514,7122
706291001778950144,1566,435
706265994973601792,2515,848
706169069255446529,3579,2001
706166467411222528,4718,1447
706153300320784384,1357,343
705975130514706432,2861,662
705970349788291072,2922,795
705898680587526145,2182,494
705786532653883392,1793,466
705591895322394625,2911,1027
705475953783398401,2740,825
705442520700944385,4065,1459
705428427625635840,3508,1517
705239209544720384,2771,677
705223444686888960,2374,712
705102439679201280,1961,472
705066031337840642,2013,556
704871453724954624,3959,1014
704859558691414016,2069,476
704847917308362754,4693,1365
704819833553219584,2447,895
704761120771465216,6127,2620
704499785726889984,2655,902
704491224099647488,687,71
704480331685040129,3148,979
704364645503647744,7325,3226
704347321748819968,1444,313
704134088924532736,1384,412
704113298707505153,1712,520
704054845121142784,2690,841
703774238772166656,1704,404
703769065844768768,3011,1021
703631701117943808,2359,600
703611486317502464,3541,1380
703425003149250560,3498,1219
703407252292673536,2253,623
703382836347330562,3220,1027
703356393781329922,1764,345
703268521220972544,1827,494
703079050210877440,6804,2799
703041949650034688,24311,11295
702932127499816960,2369,651
702899151802126337,1480,411
702684942141153280,2977,964
702671118226825216,2020,508
702598099714314240,11315,3128
702539513671897089,2640,865
702332542343577600,2929,1386
702321140488925184,3024,948
702276748847800320,2279,694
702217446468493312,4389,1222
701981390485725185,3156,888
701952816642965504,3536,928
701889187134500865,3244,1254
701805642395348998,3116,1505
701601587219795968,1924,416
701570477911896070,2574,839
701545186879471618,2447,549
701214700881756160,11259,4629
700890391244103680,2038,510
700864154249383937,2395,556
700847567345688576,2268,449
700796979434098688,2254,856
700747788515020802,21002,8417
700518061187723268,2390,721
700505138482569216,2104,521
700462010979500032,3781,1624
700167517596164096,2426,654
700151421916807169,2053,608
700143752053182464,6912,2430
700062718104104960,2445,611
700029284593901568,1912,529
700002074055016451,3028,1198
699801817392291840,2772,849
699788877217865730,2059,469
699779630832685056,2501,1108
699775878809702401,1805,538
699691744225525762,9447,4153
699446877801091073,5504,2398
699434518667751424,2028,466
699423671849451520,1251,288
699413908797464576,1929,569
699370870310113280,1750,391
699323444782047232,2896,783
699088579889332224,2085,563
699079609774645248,2258,571
699072405256409088,2714,1076
699060279947165696,3423,1619
699036661657767936,2399,1088
698989035503689728,3075,876
698953797952008193,2481,827
698907974262222848,2336,553
698710712454139905,2265,616
698703483621523456,1323,335
698635131305795584,1198,312
698549713696649216,2149,558
698355670425473025,1703,395
698342080612007937,2073,870
698262614669991936,4396,1795
698195409219559425,15504,5440
698178924120031232,2589,674
697995514407682048,1410,305
697990423684476929,3017,1168
697943111201378304,2198,614
697881462549430272,2778,1054
697630435728322560,1597,497
697616773278015490,2890,921
697596423848730625,2769,1133
697575480820686848,1882,452
697516214579523584,1877,992
697482927769255936,2233,599
697463031882764288,3164,1268
697270446429966336,4342,1714
697259378236399616,3041,901
697255105972801536,2847,1053
697242256848379904,2325,616
696900204696625153,2915,936
696894894812565505,2167,615
696886256886657024,4442,1630
696877980375769088,2259,637
696754882863349760,1370,328
696744641916489729,1890,834
696713835009417216,2176,584
696518437233913856,3631,1564
696490539101908992,1135,127
696488710901260288,2305,926
696405997980676096,2924,1051
696100768806522880,1775,584
695816827381944320,2757,1053
695794761660297217,2915,707
695767669421768709,1709,665
695629776980148225,4199,1892
695446424020918272,4087,1651
695409464418041856,7981,3238
695314793360662529,3335,1297
695095422348574720,2454,550
695074328191332352,2608,992
695064344191721472,1477,528
695051054296211456,2430,716
694925794720792577,2494,817
694905863685980160,2534,834
694669722378485760,32981,13059
694356675654983680,1386,251
694352839993344000,1880,540
694342028726001664,1460,432
694329668942569472,1818,449
694206574471057408,3813,1850
694183373896572928,2705,842
694001791655137281,3137,924
693993230313091072,1732,358
693942351086120961,1621,328
693647888581312512,2474,517
693644216740769793,1264,115
693642232151285760,2348,376
693629975228977152,2259,719
693622659251335168,1418,337
693590843962331137,4656,1778
693582294167244802,1516,223
693486665285931008,1627,566
693280720173801472,3084,1122
693267061318012928,2199,731
693262851218264065,2043,452
693231807727280129,2653,670
693155686491000832,7260,2890
693109034023534592,1563,549
693095443459342336,1701,404
692919143163629568,2497,696
692905862751522816,2235,790
692901601640583168,1618,537
692894228850999298,2084,714
692828166163931137,2656,795
692752401762250755,6276,3295
692568918515392513,4029,1392
692535307825213440,2903,1232
692530551048294401,1700,368
692423280028966913,1366,197
692417313023332352,8644,3133
692187005137076224,2332,744
692158366030913536,1971,718
692142790915014657,1508,354
692041934689402880,3115,1130
692017291282812928,2671,870
691820333922455552,3650,1490
691793053716221953,7480,3823
691756958957883396,2596,885
691675652215414786,1795,459
691483041324204033,2197,500
691459709405118465,3726,1020
691444869282295808,2435,751
691416866452082688,17823,6902
691321916024623104,2382,599
691096613310316544,2757,792
691090071332753408,1606,305
690989312272396288,5448,2611
690959652130045952,3312,1112
690938899477221376,3770,1748
690932576555528194,3026,906
690735892932222976,3496,1150
690728923253055490,1999,465
690690673629138944,2150,746
690649993829576704,1199,248
690607260360429569,279,14
690597161306841088,1784,546
690400367696297985,1741,406
690374419777196032,2969,760
690360449368465409,2446,792
690348396616552449,1369,461
690248561355657216,1538,370
690021994562220032,2578,922
690015576308211712,2299,659
690005060500217858,3383,1534
689999384604450816,1304,329
689993469801164801,1349,406
689977555533848577,1264,409
689905486972461056,2256,623
689877686181715968,2796,1044
689835978131935233,2016,688
689661964914655233,2992,850
689659372465688576,9522,3465
689623661272240129,2039,580
689599056876867584,10751,5014
689557536375177216,1898,404
689517482558820352,3123,1296
689289219123089408,2067,846
689283819090870273,3017,1004
689280876073582592,1823,638
689275259254616065,1052,225
689255633275777024,2349,973
689154315265683456,2855,897
689143371370250240,1865,454
688916208532455424,2495,772
688908934925697024,1941,708
688898160958271489,1923,710
688894073864884227,2059,620
688828561667567616,1276,321
688804835492233216,886,170
688789766343622656,2052,604
688547210804498433,2397,627
688519176466644993,2148,657
688385280030670848,8535,4075
688211956440801280,2076,751
688179443353796608,1977,527
688116655151435777,2609,697
688064179421470721,1595,323
687841446767013888,5012,2249
687826841265172480,2516,1009
687818504314159109,2279,862
687807801670897665,2198,657
687732144991551489,1616,595
687704180304273409,2240,764
687664829264453632,1802,470
687494652870668288,1755,527
687480748861947905,1473,221
687476254459715584,1826,481
687460506001633280,1907,491
687399393394311168,1748,551
687317306314240000,18625,8333
687312378585812992,4001,1726
687127927494963200,4964,2049
687124485711986689,2016,461
687109925361856513,5353,2227
687102708889812993,2168,870
687096057537363968,2076,551
686947101016735744,7974,2899
686760001961103360,3238,1256
686749460672679938,3198,1316
686730991906516992,3801,1088
686683045143953408,2606,730
686618349602762752,3407,1237
686606069955735556,1750,490
686394059078897668,1590,631
686386521809772549,3006,791
686377065986265092,2045,514
686358356425093120,1993,599
686286779679375361,3709,1521
686050296934563840,2061,665
686035780142297088,1061,104
686034024800862208,2840,1037
686007916130873345,2277,363
686003207160610816,1679,563
685973236358713344,1936,477
685943807276412928,1498,534
685906723014619143,6890,2584
685681090388975616,1884,110
685667379192414208,2178,508
685663452032069632,2971,1331
685641971164143616,2688,695
685547936038666240,30332,14092
685532292383666176,2805,1045
685325112850124800,8672,3577
685321586178670592,2438,578
685315239903100929,3027,944
685307451701334016,1923,395
685268753634967552,2834,1071
685198997565345792,2138,588
685169283572338688,3776,1273
684969860808454144,2215,326
684959798585110529,6284,2807
684940049151070208,2963,944
684926975086034944,3216,417
684914660081053696,3215,1320
684902183876321280,1717,463
684880619965411328,1920,724
684830982659280897,32312,19638
684800227459624960,2513,902
684594889858887680,8169,3164
684588130326986752,3806,1275
684567543613382656,2758,1101
684538444857667585,2435,855
684481074559381504,3563,1069
684460069371654144,1811,503
684241637099323392,7473,2946
684225744407494656,1141,183
684222868335505415,3510,1240
684200372118904832,1983,945
684195085588783105,1760,456
684188786104872960,3218,1047
684177701129875456,1863,592
684147889187209216,2738,1368
684122891630342144,1861,425
684097758874210310,3782,1297
683857920510050305,3512,1020
683852578183077888,1791,315
683849932751646720,2410,851
683834909291606017,2411,1019
683828599284170753,2582,970
683773439333797890,3069,1218
683742671509258241,5969,2996
683515932363329536,6781,2610
683498322573824003,2929,872
683481228088049664,2444,902
683462770029932544,2240,620
683449695444799489,3573,1456
683391852557561860,7040,2173
683357973142474752,2664,822
683142553609318400,2641,933
683111407806746624,3141,816
683098815881154561,1995,588
683078886620553216,1855,517
683030066213818368,1997,667
682962037429899265,33719,14844
682808988178739200,1625,154
682788441537560576,2278,1016
682750546109968385,1401,398
682697186228989953,1213,333
682662431982772225,2809,987
682638830361513985,1903,534
682429480204398592,3175,1044
682406705142087680,6955,1584
682393905736888321,2067,595
682389078323662849,1538,423
682303737705140231,2815,883
682259524040966145,3798,1078
682242692827447297,2963,1036
682088079302213632,16748,8855
682059653698686977,4529,1526
682047327939461121,2949,847
682032003584274432,6047,1789
682003177596559360,2856,1365
681981167097122816,2593,917
681891461017812993,2268,744
681694085539872773,11790,3681
681679526984871937,1627,399
681654059175129088,2412,819
681610798867845120,1727,416
681579835668455424,3248,1175
681523177663676416,13140,5193
681340665377193984,1517,246
681339448655802368,8547,3694
681320187870711809,2403,671
681302363064414209,3594,1619
681297372102656000,2955,853
681281657291280384,2960,993
681261549936340994,1333,235
681242418453299201,1355,469
681231109724700672,2236,437
681193455364796417,3407,1333
680970795137544192,2208,583
680959110691590145,4210,1818
680940246314430465,2920,935
680934982542561280,1911,391
680913438424612864,2208,562
680889648562991104,1609,323
680836378243002368,3181,1183
680805554198020098,1973,607
680801747103793152,2185,739
680798457301471234,2600,937
680609293079592961,2409,624
680583894916304897,3298,1186
680497766108381184,3884,1729
680494726643068929,1572,438
680473011644985345,2343,669
680440374763077632,1321,440
680221482581123072,1355,260
680206703334408192,2583,1042
680191257256136705,1976,441
680176173301628928,3552,1392
680161097740095489,2136,669
680145970311643136,3310,1557
680130881361686529,2111,854
680115823365742593,2493,822
680100725817409536,3300,1245
680085611152338944,11718,8125
680070545539371008,2382,771
679877062409191424,1789,576
679872969355714560,2010,596
679862121895714818,2246,554
679854723806179328,2610,1099
679844490799091713,2186,687
679828447187857408,33078,12547
679777920601223168,2854,995
679736210798047232,1910,714
679729593985699840,1991,747
679722016581222400,1537,425
679530280114372609,4363,1880
679527802031484928,2422,649
679511351870550016,3068,1143
679503373272485890,2906,1332
679475951516934144,1920,578
679462823135686656,29328,16949
679405845277462528,2158,1073
679158373988876288,19380,7218
679148763231985668,2552,920
679132435750195208,2698,1034
679111216690831360,5417,2306
679062614270468097,15455,7186
679047485189439488,2055,585
679001094530465792,2590,1092
678991772295516161,2065,1015
678969228704284672,1498,408
678800283649069056,2352,816
678798276842360832,3158,1027
678774928607469569,2570,819
678767140346941444,3215,1222
678764513869611008,1479,413
678755239630127104,6469,2919
678740035362037760,3390,1484
678708137298427904,5116,2178
678675843183484930,2597,1315
678643457146150913,1877,359
678446151570427904,3651,1371
678424312106393600,4989,2265
678410210315247616,3819,1607
678399652199309312,73273,28478
678396796259975168,1454,372
678389028614488064,1711,380
678380236862578688,2234,821
678341075375947776,1573,471
678334497360859136,1181,222
678278586130948096,10398,5479
678255464182861824,1448,327
678023323247357953,1740,339
678021115718029313,12345,5608
677961670166224897,3132,1520
677918531514703872,1216,364
677895101218201600,4388,1839
677716515794329600,2783,874
677700003327029250,3110,1285
677698403548192770,1118,285
677687604918272002,2253,753
677673981332312066,3032,1345
677662372920729601,1773,841
677644091929329666,1707,724
677573743309385728,1934,598
677565715327688705,1188,410
677557565589463040,2214,1013
677547928504967168,6307,3285
677530072887205888,965,203
677335745548390400,2755,1545
677334615166730240,1224,251
677331501395156992,986,208
677328882937298944,3329,1341
677314812125323265,1497,470
677301033169788928,1111,354
677269281705472000,1795,635
677228873407442944,3204,1463
677187300187611136,2479,810
676975532580409345,2524,948
676957860086095872,2020,719
676949632774234114,1184,348
676948236477857792,1956,771
676946864479084545,1575,325
676942428000112642,1870,664
676936541936185344,11603,4419
676916996760600576,2691,1611
676897532954456065,2053,648
676864501615042560,1887,622
676821958043033607,20663,13736
676819651066732545,1653,602
676811746707918848,1303,379
676776431406465024,4516,1800
676617503762681856,2612,853
676613908052996102,984,175
676606785097199616,1719,385
676603393314578432,1039,339
676593408224403456,4126,1885
676590572941893632,840,110
676588346097852417,2079,698
676582956622721024,1076,251
676575501977128964,2327,986
676533798876651520,1697,488
676496375194980353,1373,471
676470639084101634,10560,4169
676440007570247681,1561,588
676430933382295552,1264,302
676263575653122048,1891,483
676237365392908289,1090,250
676219687039057920,70737,27676
676215927814406144,1573,516
676191832485810177,2053,915
676146341966438401,1751,584
676121918416756736,1962,1025
676101918813499392,2580,1048
676098748976615425,2674,1246
676089483918516224,1181,390
675898130735476737,1445,506
675891555769696257,1922,762
675888385639251968,2114,839
675878199931371520,3780,1237
675870721063669760,1465,497
675853064436391936,2415,1132
675849018447167488,864,123
675845657354215424,2046,776
675822767435051008,1385,474
675820929667219457,956,206
675798442703122432,9296,3039
675781562965868544,1454,418
675740360753160193,1058,295
675710890956750848,1686,717
675707330206547968,1785,597
675706639471788032,583,85
675534494439489536,1663,361
675531475945709568,1066,329
675522403582218240,939,249
675517828909424640,1149,407
675501075957489664,15525,5206
675497103322386432,2819,1131
675489971617296384,1149,526
675483430902214656,1662,853
675432746517426176,1360,501
675372240448454658,1526,452
675362609739206656,941,192
675354435921575936,29423,14867
675349384339542016,3527,1998
675334060156301312,2483,1127
675166823650848770,3164,1382
675153376133427200,5584,2259
675149409102012420,3348,1496
675147105808306176,842,197
675146535592706048,1052,255
675145476954566656,1915,779
675135153782571009,1164,411
675113801096802304,1735,686
675111688094527488,867,213
675109292475830276,2518,996
675047298674663426,928,275
675015141583413248,2408,1034
675006312288268288,875,200
675003128568291329,1390,406
674999807681908736,1992,952
674805413498527744,760,316
674800520222154752,2691,748
674793399141146624,2219,950
674790488185167872,983,216
674788554665512960,719,181
674781762103414784,1805,1043
674774481756377088,984,407
674767892831932416,1627,689
674764817387900928,699,200
674754018082705410,1229,382
674752233200820224,1309,400
674743008475090944,1259,465
674742531037511680,431,44
674739953134403584,969,326
674737130913071104,580,80
674690135443775488,1024,411
674670581682434048,1446,565
674664755118911488,809,205
674646392044941312,1278,429
674644256330530816,927,241
674638615994089473,1515,509
674632714662858753,1340,501
674606911342424069,840,86
674468880899788800,5549,1776
674447403907457024,953,314
674436901579923456,988,344
674422304705744896,1281,464
674416750885273600,610,115
674410619106390016,1066,400
674394782723014656,1333,487
674372068062928900,766,280
674330906434379776,505,65
674318007229923329,1250,449
674307341513269249,10125,6020
674291837063053312,13155,5130
674271431610523648,1393,644
674269164442398721,824,202
674265582246694913,1455,728
674262580978937856,1178,382
674255168825880576,1300,464
674082852460433408,681,144
674075285688614912,886,245
674063288070742018,5715,1905
674053186244734976,2948,1126
674051556661161984,1292,431
674045139690631169,1268,564
674042553264685056,636,109
674038233588723717,975,366
674036086168010753,759,181
674024893172875264,1582,1084
674019345211760640,1013,264
674014384960745472,1387,559
674008982932058114,1084,299
673956914389192708,1747,835
673919437611909120,1058,325
673906403526995968,2840,1428
673887867907739649,841,220
673716320723169284,2782,669
673715861853720576,3162,1807
673711475735838725,937,264
673709992831262724,751,236
673708611235921920,952,253
673707060090052608,988,346
673705679337693185,1124,358
673700254269775872,1283,500
673697980713705472,3508,1691
673689733134946305,1539,569
673688752737402881,1126,438
673686845050527744,1275,377
673680198160809984,1229,414
673662677122719744,1124,327
673656262056419329,650,198
673636718965334016,993,307
673612854080196609,1426,630
673583129559498752,1063,313
673580926094458881,738,238
673576835670777856,1229,486
673363615379013632,931,266
673359818736984064,1287,592
673355879178194945,1342,491
673352124999274496,1493,471
673350198937153538,684,184
673345638550134785,2227,1099
673343217010679808,855,234
673342308415348736,1132,492
673320132811366400,11939,6869
673317986296586240,781,216
673295268553605120,6718,2743
673270968295534593,956,312
673240798075449344,1276,614
673213039743795200,1969,724
673148804208660480,1488,547
672997845381865473,1753,630
672995267319328768,844,251
672988786805112832,873,253
672984142909456390,1117,470
672980819271634944,1624,888
672975131468300288,1499,775
672970152493887488,837,302
672968025906282496,1183,469
672964561327235073,1260,557
672902681409806336,1231,422
672898206762672129,792,363
672884426393653248,1367,728
672877615439593473,909,301
672834301050937345,1151,503
672828477930868736,1109,418
672640509974827008,873,270
672622327801233409,1147,420
672614745925664768,1087,510
672609152938721280,970,338
672604026190569472,966,335
672594978741354496,1177,529
672591762242805761,840,284
672591271085670400,640,157
672538107540070400,900,316
672523490734551040,552,146
672488522314567680,990,371
672482722825261057,990,518
672481316919734272,639,110
672475084225949696,1293,606
672466075045466113,1192,447
672272411274932228,5704,2923
672267570918129665,1312,538
672264251789176834,1011,285
672256522047614977,2507,1324
672254177670729728,1272,647
672248013293752320,1526,520
672245253877968896,607,131
672239279297454080,805,275
672231046314901505,1618,876
672222792075620352,700,176
672205392827572224,1981,1006
672169685991993344,909,318
672160042234327040,764,304
672139350159835138,1540,593
672125275208069120,2115,986
672095186491711488,873,328
672082170312290304,836,318
672068090318987265,1135,439
671896809300709376,7601,3667
671891728106971137,1168,480
671882082306625538,3095,1205
671879137494245376,1244,570
671874878652489728,1103,478
671866342182637568,993,418
671855973984772097,791,371
671789708968640512,6304,2993
671768281401958400,1049,434
671763349865160704,1491,772
671744970634719232,1206,661
671743150407421952,674,200
671735591348891648,1284,652
671729906628341761,7481,3792
671561002136281088,11367,6304
671550332464455680,809,183
671547767500775424,1202,496
671544874165002241,1727,888
671542985629241344,964,483
671538301157904385,837,334
671536543010570240,1036,343
671533943490011136,895,493
671528761649688577,737,214
671520732782923777,1218,454
671518598289059840,829,252
671511350426865664,1423,605
671504605491109889,6226,3114
671497587707535361,825,388
671488513339211776,884,412
671486386088865792,509,172
671485057807351808,677,195
671390180817915904,1280,651
671362598324076544,974,257
671357843010908160,351,133
671355857343524864,420,104
671347597085433856,833,369
671186162933985280,639,176
671182547775299584,977,283
671166507850801152,778,301
671163268581498880,1455,965
671159727754231808,313,68
671154572044468225,624,186
671151324042559489,587,126
671147085991960577,582,191
671141549288370177,1022,569
671138694582165504,822,340
671134062904504320,653,162
671122204919246848,3080,2181
671115716440031232,1213,670
671109016219725825,1003,377
670995969505435648,968,241
670842764863651840,22028,7558
670840546554966016,523,165
670838202509447168,980,598
670833812859932673,382,109
670832455012716544,646,184
670826280409919488,4861,3495
670823764196741120,674,159
670822709593571328,544,83
670815497391357952,2775,1314
670811965569282048,983,230
670807719151067136,1052,425
670804601705242624,1733,815
670803562457407488,302,77
670797304698376195,659,203
670792680469889025,732,237
670789397210615808,583,210
670786190031921152,527,168
670783437142401025,721,330
670782429121134593,1347,654
670780561024270336,699,249
670778058496974848,297,62
670764103623966721,958,371
670755717859713024,392,87
670733412878163972,848,446
670727704916926465,736,312
670717338665226240,1048,416
670704688707301377,686,318
670691627984359425,517,209
670679630144274432,664,240
670676092097810432,214,35
670668383499735048,9441,4305
670474236058800128,1336,631
670468609693655041,313,77
670465786746662913,852,467
670452855871037440,489,174
670449342516494336,1073,567
670444955656130560,6046,1738
670442337873600512,580,175
670435821946826752,937,435
670434127938719744,1254,560
670433248821026816,294,100
670428280563085312,1229,521
670427002554466305,462,141
670421925039075328,1142,549
670420569653809152,538,265
670417414769758208,501,280
670411370698022913,1792,766
670408998013820928,484,187
670403879788544000,376,128
670385711116361728,489,173
670374371102445568,669,236
670361874861563904,288,55
670338931251150849,373,96
670319130621435904,3466,1065
670303360680108032,382,107
670290420111441920,622,249
670093938074779648,909,276
670086499208155136,620,217
670079681849372674,1954,1055
670073503555706880,1383,677
670069087419133954,551,205
670061506722140161,666,290
670055038660800512,592,279
670046952931721218,576,151
670040295598354432,658,96
670037189829525505,527,240
670003130994700288,295,77
669993076832759809,284,70
669972011175813120,392,133
669970042633789440,271,43
669942763794931712,444,131
669926384437997569,338,81
669923323644657664,202,50
669753178989142016,705,340
669749430875258880,227,55
669684865554620416,446,74
669683899023405056,338,93
669682095984410625,312,115
669680153564442624,585,241
669661792646373376,714,365
669625907762618368,3112,1563
669603084620980224,845,316
669597912108789760,446,131
669583744538451968,1315,800
669573570759163904,388,120
669571471778410496,1406,877
669567591774625800,202,45
669564461267722241,335,104
669393256313184256,313,62
669375718304980992,1173,626
669371483794317312,434,148
669367896104181761,404,129
669363888236994561,556,200
669359674819481600,329,103
669354382627049472,2379,1091
669353438988365824,562,226
669351434509529089,376,153
669328503091937280,905,364
669327207240699904,496,101
669324657376567296,438,182
669216679721873412,1053,346
669214165781868544,384,135
669203728096960512,886,406
669037058363662336,571,264
669015743032369152,649,323
669006782128353280,509,209
669000397445533696,18646,5504
668994913074286592,390,188
668992363537309700,657,292
668989615043424256,594,288
668988183816871936,797,389
668986018524233728,477,140
668981893510119424,479,258
668979806671884288,701,292
668975677807423489,1151,495
668967877119254528,127,18
668960084974809088,618,209
668955713004314625,241,63
668932921458302977,227,50
668902994700836864,275,87
668892474547511297,353,126
668872652652679168,475,267
668852170888998912,409,139
668826086256599040,381,112
668815180734689280,491,225
668779399630725120,627,325
668655139528511488,470,187
668645506898350081,772,457
668643542311546881,782,446
668641109086707712,942,465
668636665813057536,918,435
668633411083464705,2454,1375
668631377374486528,616,280
668627278264475648,281,97
668625577880875008,328,111
668623201287675904,1244,653
668620235289837568,181,35
668614819948453888,542,272
668587383441514497,1472,918
668567822092664832,206,46
668544745690562560,452,197
668542336805281792,403,181
668537837512433665,226,61
668528771708952576,402,189
668507509523615744,276,87
668496999348633600,358,114
668484198282485761,371,207
668480044826800133,394,127
668466899341221888,767,439
668297328638447616,556,255
668291999406125056,213,28
668286279830867968,436,116
668274247790391296,719,196
668268907921326080,483,206
668256321989451776,1148,516
668248472370458624,838,406
668237644992782336,5428,2413
668226093875376128,246,85
668221241640230912,452,168
668204964695683073,488,171
668190681446379520,576,171
668171859951755264,424,162
668154635664932864,438,272
668142349051129856,509,239
668113020489474048,581,207
667937095915278337,1112,690
667924896115245057,264,95
667915453470232577,184,46
667911425562669056,430,245
667902449697558528,757,334
667886921285246976,1646,907
667885044254572545,729,398
667878741721415682,348,101
667873844930215936,551,338
667866724293877760,2710,898
667861340749471744,222,69
667832474953625600,254,54
667806454573760512,927,417
667801013445750784,283,81
667793409583771648,606,286
667782464991965184,363,210
667773195014021121,204,44
667766675769573376,372,185
667728196545200128,324,126
667724302356258817,423,268
667550904950915073,0,28
667550882905632768,0,25
667549055577362432,5093,1944
667546741521195010,303,106
667544320556335104,761,456
667538891197542400,175,58
667534815156183040,716,443
667530908589760512,409,206
667524857454854144,1496,964
667517642048163840,332,165
667509364010450944,6043,1856
667502640335572993,484,193
667495797102141441,456,231
667491009379606528,456,189
667470559035432960,225,85
667455448082227200,171,53
667453023279554560,279,73
667443425659232256,681,486
667437278097252352,396,197
667435689202614272,267,76
667405339315146752,410,196
667393430834667520,168,50
667369227918143488,328,144
667211855547486208,425,209
667200525029539841,544,227
667192066997374976,332,86
667188689915760640,643,330
667182792070062081,12507,5254
667177989038297088,166,48
667176164155375616,524,386
667174963120574464,218,69
667171260800061440,186,72
667165590075940865,2376,965
667160273090932737,219,50
667152164079423490,42174,14569
667138269671505920,4002,1862
667119796878725120,284,105
667090893657276420,286,105
667073648344346624,351,103
667070482143944705,72,13
667065535570550784,143,40
667062181243039745,192,45
667044094246576128,163,43
667012601033924608,394,186
666996132027977728,213,79
666983947667116034,2242,842
666837028449972224,702,467
666835007768551424,183,65
666826780179869698,218,79
666817836334096384,442,209
666804364988780544,206,78
666786068205871104,658,408
666781792255496192,325,168
666776908487630848,303,148
666739327293083650,207,59
666701168228331520,371,182
666691418707132416,159,42
666649482315059201,993,524
666644823164719104,208,69
666454714377183233,447,179
666447344410484738,90,19
666437273139982337,106,40
666435652385423360,137,42
666430724426358785,276,160
666428276349472768,139,67
666421158376562688,272,91
666418789513326592,107,39
666411507551481857,371,262
666407126856765440,93,30
666396247373291520,147,68
666373753744588802,162,73
666362758909284353,649,468
666353288456101888,179,56
666345417576210432,241,122
666337882303524864,168,79
666293911632134144,425,289
666287406224695296,123,56
666273097616637952,151,66
666268910803644416,99,38
666104133288665088,12856,5460
666102155909144576,66,11
666099513787052032,133,53
666094000022159362,142,63
666082916733198337,92,37
666073100786774016,274,130
666071193221509120,127,51
666063827256086533,394,180
666058600524156928,99,47
666057090499244032,247,112
666055525042405380,367,196
666051853826850816,1024,700
666050758794694657,115,50
666049248165822465,88,36
666044226329800704,246,115
666033412701032449,100,36
666029285002620928,112,39
666020888022790149,2284,420
